client_id,snapshot_id,seq_num,server_timestamp,recv_time,latency_ms,jitter_ms,bandwidth_per_client_kbps
1,20,20,1765031563410,1765031563446,36,0,0
1,21,21,1765031563461,1765031563548,87,52.0,0
1,22,22,1765031563512,1765031563548,36,50.0,0
1,23,23,1765031563562,1765031563562,0,36.0,0
1,24,24,1765031563613,1765031563613,0,1.0,0
1,25,25,1765031563664,1765031563664,0,1.0,0
1,26,26,1765031563715,1765031563715,0,1.0,0
1,27,27,1765031563765,1765031563765,0,0.0,0
2,25,25,1765031563664,1765031563797,133,0,0
2,26,26,1765031563715,1765031563799,84,48.0,0
2,27,27,1765031563765,1765031563799,34,50.0,0
2,28,28,1765031563817,1765031563817,0,32.0,0
2,29,29,1765031563868,1765031563868,0,1.0,0
1,29,29,1765031563868,1765031563868,0,1.0,0
1,30,30,1765031563919,1765031563919,0,1.0,0
2,30,30,1765031563919,1765031563919,0,1.0,0
1,31,31,1765031563969,1765031563969,0,0.0,0
2,32,32,1765031564020,1765031564020,0,1.0,53.2

3,30,30,1765031563919,1765031564047,128,0,0.464
3,31,31,1765031563969,1765031564048,79,49.0,0.464
3,32,32,1765031564020,1765031564048,28,50.0,0.464
1,33,33,1765031564071,1765031564071,0,1.0,86.16
2,33,33,1765031564071,1765031564071,0,1.0,53.2

2,34,34,1765031564122,1765031564122,0,1.0,53.2
1,34,34,1765031564122,1765031564122,0,1.0,86.16
3,35,35,1765031564173,1765031564173,0,1.0,0.464
1,36,36,1765031564223,1765031564223,0,0.0,86.16
2,36,36,1765031564223,1765031564223,0,0.0,53.2
3,36,36,1765031564223,1765031564223,0,0.0,0.464
4,34,34,1765031564122,1765031564268,146,0,0
4,35,35,1765031564173,1765031564271,98,47.0,0
4,36,36,1765031564223,1765031564272,49,49.0,0
1,37,37,1765031564274,1765031564274,0,1.0,86.16
3,37,37,1765031564274,1765031564274,0,1.0,0.464
2,37,37,1765031564274,1765031564274,0,1.0,53.2
1,38,38,1765031564325,1765031564325,0,1.0,86.163,38,38,1765031564325,1765031564325,0,1.0,0.464
4,38,38,1765031564325,1765031564325,0,1.0,0
1,39,39,1765031564376,1765031564376,0,1.0,86.16
2,39,39,1765031564376,1765031564376,0,1.0,53.2
4,39,39,1765031564376,1765031564376,0,1.0,0
3,39,39,1765031564376,1765031564376,0,1.0,0.464
2,40,40,1765031564427,1765031564427,0,1.0,53.2
4,40,40,1765031564427,1765031564427,0,1.0,0
3,40,40,1765031564427,1765031564427,0,1.0,0.464
1,40,40,1765031564427,1765031564427,0,1.0,86.16
1,41,41,1765031564478,1765031564478,0,1.0,86.16
3,41,41,1765031564478,1765031564478,0,1.0,0.464
1,42,42,1765031564529,1765031564529,0,1.0,86.16
2,42,42,1765031564529,1765031564529,0,1.0,53.2
3,42,42,1765031564529,1765031564529,0,1.0,0.464
4,42,42,1765031564529,1765031564529,0,1.0,0
1,43,43,1765031564579,1765031564579,0,0.0,86.16
2,43,43,1765031564579,1765031564579,0,0.0,53.2
4,43,43,1765031564579,1765031564579,0,0.0,0
2,44,44,1765031564630,1765031564630,0,1.0,53.2

4,44,44,1765031564630,1765031564630,0,1.0,0
64
1,45,45,1765031564682,1765031564682,0,2.0,86.16
2,45,45,1765031564682,1765031564682,0,2.0,53.2
4,45,45,1765031564682,1765031564682,0,2.0,0
64
1,46,46,1765031564733,1765031564733,0,1.0,86.16
3,46,46,1765031564733,1765031564733,0,1.0,0.464
4,46,46,1765031564733,1765031564733,0,1.0,0
1,47,47,1765031564784,1765031564784,0,1.0,86.16
3,47,47,1765031564784,1765031564784,0,1.0,0.464
4,47,47,1765031564784,1765031564784,0,1.0,0
2,47,47,1765031564784,1765031564784,0,1.0,53.2
4,48,48,1765031564835,1765031564835,0,1.0,0
1,48,48,1765031564835,1765031564835,0,1.0,86.16
3,48,48,1765031564835,1765031564835,0,1.0,0.464
2,48,48,1765031564835,1765031564835,0,1.0,53.2
1,49,49,1765031564886,1765031564886,0,1.0,86.16
2,49,49,1765031564886,1765031564886,0,1.0,53.2
4,49,49,1765031564886,1765031564886,0,1.0,0
3,49,49,1765031564886,1765031564886,0,1.0,0.464
2,50,50,1765031564937,1765031564937,0,1.0,53.2

4,50,50,1765031564937,1765031564937,0,1.0,0
64
1,51,51,1765031564989,1765031564989,0,2.0,86.16
4,51,51,1765031564989,1765031564989,0,2.0,0
2,51,51,1765031564989,1765031564989,0,2.0,53.2
3,51,51,1765031564989,1765031564989,0,2.0,0.464
2,52,52,1765031565041,1765031565041,0,2.0,132.072
4,52,52,1765031565041,1765031565041,0,2.0,125.944
3,52,52,1765031565041,1765031565041,0,2.0,151.848
1,53,53,1765031565093,1765031565093,0,2.0,132.072
2,53,53,1765031565093,1765031565093,0,2.0,132.072
3,53,53,1765031565093,1765031565093,0,2.0,151.848
4,53,53,1765031565093,1765031565093,0,2.0,125.944
1,54,54,1765031565143,1765031565143,0,0.0,132.072
4,54,54,1765031565143,1765031565143,0,0.0,125.944
4,55,55,1765031565194,1765031565194,0,1.0,125.944
2,55,55,1765031565194,1765031565194,0,1.0,132.072
1,56,56,1765031565245,1765031565245,0,1.0,132.072
4,56,56,1765031565245,1765031565245,0,1.0,125.944
2,56,56,1765031565245,1765031565245,0,1.0,132.072
3,56,56,1765031565245,1765031565245,0,1.0,151.848
1,57,57,1765031565296,1765031565296,0,1.0,132.072
2,57,57,1765031565296,1765031565296,0,1.0,132.072
4,57,57,1765031565296,1765031565296,0,1.0,125.944
1,58,58,1765031565347,1765031565347,0,1.0,132.072
3,58,58,1765031565347,1765031565347,0,1.0,151.848
1,59,59,1765031565399,1765031565399,0,2.0,132.072
4,59,59,1765031565399,1765031565399,0,2.0,125.944
3,59,59,1765031565399,1765031565399,0,2.0,151.848
2,59,59,1765031565399,1765031565399,0,2.0,132.072
1,60,60,1765031565450,1765031565450,0,1.0,132.072
4,60,60,1765031565450,1765031565450,0,1.0,125.944
2,60,60,1765031565450,1765031565450,0,1.0,132.072
1,61,61,1765031565501,1765031565501,0,1.0,132.072
2,61,61,1765031565501,1765031565501,0,1.0,132.072
4,61,61,1765031565501,1765031565501,0,1.0,125.944
2,62,62,1765031565552,1765031565552,0,1.0,132.072
3,62,62,1765031565552,1765031565552,0,1.0,151.848
1,63,63,1765031565604,1765031565604,0,2.0,132.072
4,63,63,1765031565604,1765031565604,0,2.0,125.944
3,63,63,1765031565604,1765031565604,0,2.0,151.848
2,64,64,1765031565656,1765031565656,0,2.0,132.072
4,64,64,1765031565656,1765031565656,0,2.0,125.944
2,65,65,1765031565708,1765031565708,0,2.0,132.072
3,65,65,1765031565708,1765031565708,0,2.0,151.848
4,65,65,1765031565708,1765031565708,0,2.0,125.944
1,66,66,1765031565758,1765031565758,0,0.0,132.072
4,66,66,1765031565758,1765031565758,0,0.0,125.944
4,67,67,1765031565810,1765031565810,0,2.0,125.944
1,68,68,1765031565860,1765031565860,0,0.0,132.072
2,68,68,1765031565860,1765031565860,0,0.0,132.072
4,68,68,1765031565860,1765031565860,0,0.0,125.944
2,69,69,1765031565911,1765031565911,0,1.0,132.072
3,69,69,1765031565911,1765031565911,0,1.0,151.848
4,69,69,1765031565911,1765031565911,0,1.0,125.944
2,70,70,1765031565963,1765031565963,0,2.0,132.072
4,70,70,1765031565963,1765031565963,0,2.0,125.944
3,70,70,1765031565963,1765031565963,0,2.0,151.848
1,70,70,1765031565963,1765031565963,0,2.0,132.072
2,71,71,1765031566014,1765031566014,0,1.0,125.248
4,71,71,1765031566014,1765031566014,0,1.0,125.248
3,72,72,1765031566065,1765031566065,0,1.0,125.248
4,72,72,1765031566065,1765031566065,0,1.0,125.248
2,72,72,1765031566065,1765031566065,0,1.0,125.248
1,73,73,1765031566116,1765031566116,0,1.0,125.248
2,73,73,1765031566116,1765031566116,0,1.0,125.248
3,73,73,1765031566116,1765031566116,0,1.0,125.248
2,74,74,1765031566167,1765031566167,0,1.0,125.248
3,74,74,1765031566167,1765031566167,0,1.0,125.248
4,74,74,1765031566167,1765031566167,0,1.0,125.248
1,75,75,1765031566219,1765031566219,0,2.0,125.248
2,75,75,1765031566219,1765031566219,0,2.0,125.248
3,75,75,1765031566219,1765031566219,0,2.0,125.248
1,76,76,1765031566270,1765031566270,0,1.0,125.248
2,76,76,1765031566270,1765031566270,0,1.0,125.248
4,76,76,1765031566270,1765031566270,0,1.0,125.248
2,77,77,1765031566321,1765031566321,0,1.0,125.248
3,77,77,1765031566321,1765031566321,0,1.0,125.248
4,77,77,1765031566321,1765031566322,1,2.0,125.248
1,78,78,1765031566373,1765031566373,0,2.0,125.248
2,78,78,1765031566373,1765031566373,0,2.0,125.248
4,78,78,1765031566373,1765031566373,0,1.0,125.248
3,78,78,1765031566373,1765031566373,0,2.0,125.248
3,79,79,1765031566424,1765031566424,0,1.0,125.248
1,79,79,1765031566424,1765031566424,0,1.0,125.248
4,79,79,1765031566424,1765031566424,0,1.0,125.248
2,79,79,1765031566424,1765031566424,0,1.0,125.248
1,80,80,1765031566475,1765031566475,0,1.0,125.248
2,80,80,1765031566475,1765031566475,0,1.0,125.248
3,80,80,1765031566475,1765031566475,0,1.0,125.248
2,81,81,1765031566526,1765031566526,0,1.0,125.248
1,81,81,1765031566526,1765031566526,0,1.0,125.248
1,82,82,1765031566577,1765031566577,0,1.0,125.248
2,82,82,1765031566577,1765031566577,0,1.0,125.248
4,82,82,1765031566577,1765031566577,0,1.0,125.248
3,82,82,1765031566577,1765031566577,0,1.0,125.248
2,83,83,1765031566628,1765031566628,0,1.0,125.248
3,83,83,1765031566628,1765031566628,0,1.0,125.248
1,83,83,1765031566628,1765031566628,0,1.0,125.248
1,84,84,1765031566680,1765031566680,0,2.0,125.248
2,84,84,1765031566680,1765031566680,0,2.0,125.248
4,84,84,1765031566680,1765031566680,0,2.0,125.248
3,84,84,1765031566680,1765031566680,0,2.0,125.248
3,85,85,1765031566730,1765031566730,0,0.0,125.248
4,85,85,1765031566730,1765031566730,0,0.0,125.248
1,85,85,1765031566730,1765031566730,0,0.0,125.248
2,86,86,1765031566782,1765031566782,0,2.0,125.248
3,86,86,1765031566782,1765031566782,0,2.0,125.248
4,86,86,1765031566782,1765031566782,0,2.0,125.248
1,86,86,1765031566782,1765031566782,0,2.0,125.248
1,87,87,1765031566833,1765031566833,0,1.0,125.248
2,87,87,1765031566833,1765031566833,0,1.0,125.248
4,87,87,1765031566833,1765031566833,0,1.0,125.248
4,88,88,1765031566884,1765031566884,0,1.0,125.248
3,88,88,1765031566884,1765031566884,0,1.0,125.248
2,88,88,1765031566884,1765031566884,0,1.0,125.248
3,89,89,1765031566936,1765031566936,0,2.0,125.248
2,89,89,1765031566936,1765031566936,0,2.0,125.248
4,89,89,1765031566936,1765031566936,0,2.0,125.248
2,90,90,1765031566987,1765031566987,0,1.0,125.248
4,90,90,1765031566987,1765031566987,0,1.0,125.248
3,90,90,1765031566987,1765031566987,0,1.0,125.248
1,91,91,1765031567038,1765031567038,0,1.0,131.84
4,91,91,1765031567038,1765031567038,0,1.0,131.84
3,91,91,1765031567038,1765031567038,0,1.0,131.84
1,92,92,1765031567089,1765031567089,0,1.0,131.84
4,92,92,1765031567089,1765031567089,0,1.0,131.84
2,92,92,1765031567089,1765031567089,0,1.0,131.84
4,93,93,1765031567140,1765031567140,0,1.0,131.84
3,93,93,1765031567140,1765031567140,0,1.0,131.84
1,93,93,1765031567140,1765031567140,0,1.0,131.84
2,93,93,1765031567140,1765031567140,0,1.0,131.84
1,94,94,1765031567191,1765031567191,0,1.0,131.84
2,94,94,1765031567191,1765031567191,0,1.0,131.84
3,94,94,1765031567191,1765031567191,0,1.0,131.84
3,95,95,1765031567242,1765031567242,0,1.0,131.84
4,95,95,1765031567242,1765031567242,0,1.0,131.84
2,95,95,1765031567242,1765031567242,0,1.0,131.84
1,96,96,1765031567294,1765031567294,0,2.0,131.84
3,96,96,1765031567294,1765031567294,0,2.0,131.84
2,96,96,1765031567294,1765031567294,0,2.0,131.84
4,97,97,1765031567345,1765031567345,0,1.0,131.84
1,97,97,1765031567345,1765031567345,0,1.0,131.84
2,97,97,1765031567345,1765031567345,0,1.0,131.84
3,98,98,1765031567396,1765031567396,0,1.0,131.84
1,98,98,1765031567396,1765031567396,0,1.0,131.84
2,98,98,1765031567396,1765031567396,0,1.0,131.84
3,99,99,1765031567447,1765031567447,0,1.0,131.84
1,99,99,1765031567447,1765031567447,0,1.0,131.84
4,99,99,1765031567447,1765031567447,0,1.0,131.84
1,100,100,1765031567499,1765031567499,0,2.0,131.84
3,100,100,1765031567499,1765031567499,0,2.0,131.84
4,100,100,1765031567499,1765031567499,0,2.0,131.84
2,100,100,1765031567499,1765031567499,0,2.0,131.84
1,101,101,1765031567550,1765031567550,0,1.0,131.84
2,101,101,1765031567550,1765031567550,0,1.0,131.84
3,101,101,1765031567550,1765031567550,0,1.0,131.84
1,102,102,1765031567601,1765031567601,0,1.0,131.84
3,102,102,1765031567601,1765031567601,0,1.0,131.84
4,102,102,1765031567601,1765031567601,0,1.0,131.84
3,103,103,1765031567653,1765031567653,0,2.0,131.84
1,103,103,1765031567653,1765031567653,0,2.0,131.84
2,103,103,1765031567653,1765031567653,0,2.0,131.84
4,103,103,1765031567653,1765031567653,0,2.0,131.84
3,104,104,1765031567705,1765031567705,0,2.0,131.84
1,104,104,1765031567705,1765031567705,0,2.0,131.84
2,104,104,1765031567705,1765031567705,0,2.0,131.84
1,105,105,1765031567755,1765031567755,0,0.0,131.84
4,105,105,1765031567755,1765031567755,0,0.0,131.84
3,105,105,1765031567755,1765031567755,0,0.0,131.84
1,106,106,1765031567807,1765031567807,0,2.0,131.84
3,106,106,1765031567807,1765031567807,0,2.0,131.84
4,106,106,1765031567807,1765031567807,0,2.0,131.84
2,106,106,1765031567807,1765031567807,0,2.0,131.84
3,107,107,1765031567859,1765031567859,0,2.0,131.84
1,107,107,1765031567859,1765031567859,0,2.0,131.84
4,107,107,1765031567859,1765031567859,0,2.0,131.84
2,107,107,1765031567859,1765031567859,0,2.0,131.84
1,108,108,1765031567910,1765031567910,0,1.0,131.84
3,108,108,1765031567910,1765031567910,0,1.0,131.84
4,108,108,1765031567910,1765031567910,0,1.0,131.84
2,108,108,1765031567910,1765031567910,0,1.0,131.84
3,109,109,1765031567960,1765031567960,0,0.0,131.84
1,109,109,1765031567960,1765031567960,0,0.0,131.84
2,109,109,1765031567960,1765031567960,0,0.0,131.84
4,109,109,1765031567960,1765031567960,0,0.0,131.84
3,110,110,1765031568012,1765031568012,0,2.0,125.248
1,110,110,1765031568012,1765031568012,0,2.0,125.248
2,110,110,1765031568012,1765031568012,0,2.0,125.248
1,111,111,1765031568065,1765031568065,0,3.0,125.248
3,111,111,1765031568065,1765031568065,0,3.0,125.248
4,111,111,1765031568065,1765031568065,0,3.0,125.248
1,112,112,1765031568116,1765031568116,0,1.0,125.248
3,112,112,1765031568116,1765031568116,0,1.0,125.248
4,112,112,1765031568116,1765031568116,0,1.0,125.248
2,112,112,1765031568116,1765031568116,0,1.0,125.248
3,113,113,1765031568168,1765031568168,0,2.0,125.248
1,113,113,1765031568168,1765031568168,0,2.0,125.248
4,113,113,1765031568168,1765031568168,0,2.0,125.248
1,114,114,1765031568219,1765031568219,0,1.0,125.248
3,114,114,1765031568219,1765031568219,0,1.0,125.248
4,114,114,1765031568219,1765031568219,0,1.0,125.248
1,115,115,1765031568270,1765031568270,0,1.0,125.248
2,115,115,1765031568270,1765031568270,0,1.0,125.248
3,115,115,1765031568270,1765031568270,0,1.0,125.248
3,116,116,1765031568321,1765031568321,0,1.0,125.248
2,116,116,1765031568321,1765031568321,0,1.0,125.248
4,116,116,1765031568321,1765031568321,0,1.0,125.248
3,117,117,1765031568372,1765031568372,0,1.0,125.248
4,117,117,1765031568372,1765031568372,0,1.0,125.248
4,118,118,1765031568423,1765031568423,0,1.0,125.248
1,118,118,1765031568423,1765031568423,0,1.0,125.248
3,118,118,1765031568423,1765031568423,0,1.0,125.248
3,119,119,1765031568474,1765031568474,0,1.0,125.248
1,119,119,1765031568474,1765031568474,0,1.0,125.248
4,119,119,1765031568474,1765031568474,0,1.0,125.248
1,120,120,1765031568526,1765031568526,0,2.0,125.248
3,120,120,1765031568526,1765031568526,0,2.0,125.248
4,120,120,1765031568526,1765031568526,0,2.0,125.248
4,121,121,1765031568577,1765031568577,0,1.0,125.248
1,121,121,1765031568577,1765031568577,0,1.0,125.248
3,122,122,1765031568629,1765031568629,0,2.0,125.248
1,122,122,1765031568629,1765031568629,0,2.0,125.248
4,122,122,1765031568629,1765031568629,0,2.0,125.248
2,123,123,1765031568680,1765031568680,0,1.0,125.248
1,123,123,1765031568680,1765031568680,0,1.0,125.248
4,123,123,1765031568680,1765031568680,0,1.0,125.248
2,124,124,1765031568730,1765031568730,0,0.0,125.248
3,124,124,1765031568730,1765031568730,0,0.0,125.248
4,124,124,1765031568730,1765031568730,0,0.0,125.248
1,124,124,1765031568730,1765031568730,0,0.0,125.248
3,125,125,1765031568781,1765031568781,0,1.0,125.248
4,125,125,1765031568781,1765031568781,0,1.0,125.248
1,126,126,1765031568832,1765031568832,0,1.0,125.248
3,126,126,1765031568832,1765031568832,0,1.0,125.248
2,126,126,1765031568832,1765031568832,0,1.0,125.248
4,126,126,1765031568832,1765031568832,0,1.0,125.248
1,127,127,1765031568884,1765031568884,0,2.0,125.248
2,127,127,1765031568884,1765031568884,0,2.0,125.248
3,127,127,1765031568884,1765031568884,0,2.0,125.248
1,128,128,1765031568935,1765031568935,0,1.0,125.248
3,128,128,1765031568935,1765031568935,0,1.0,125.248
2,128,128,1765031568935,1765031568935,0,1.0,125.248
4,128,128,1765031568935,1765031568935,0,1.0,125.248
3,129,129,1765031568986,1765031568986,0,1.0,125.248
2,129,129,1765031568986,1765031568986,0,1.0,125.248
4,129,129,1765031568986,1765031568986,0,1.0,125.248
3,130,130,1765031569037,1765031569037,0,1.0,131.84
2,130,130,1765031569037,1765031569037,0,1.0,131.84
1,130,130,1765031569037,1765031569037,0,1.0,131.84
4,130,130,1765031569037,1765031569037,0,1.0,131.84
1,131,131,1765031569095,1765031569095,0,8.0,131.84
2,131,131,1765031569095,1765031569095,0,8.0,131.84
3,131,131,1765031569095,1765031569095,0,8.0,131.84
4,131,131,1765031569095,1765031569095,0,8.0,131.84
1,132,132,1765031569145,1765031569145,0,0.0,131.84
3,132,132,1765031569145,1765031569145,0,0.0,131.84
2,132,132,1765031569145,1765031569145,0,0.0,131.84
4,132,132,1765031569145,1765031569145,0,0.0,131.84
1,133,133,1765031569196,1765031569196,0,1.0,131.84
2,133,133,1765031569196,1765031569196,0,1.0,131.84
3,133,133,1765031569196,1765031569196,0,1.0,131.84
4,133,133,1765031569196,1765031569196,0,1.0,131.84
1,134,134,1765031569248,1765031569248,0,2.0,131.84
2,134,134,1765031569248,1765031569248,0,2.0,131.84
4,134,134,1765031569248,1765031569248,0,2.0,131.84
2,135,135,1765031569299,1765031569299,0,1.0,131.84
4,135,135,1765031569299,1765031569299,0,1.0,131.84
1,135,135,1765031569299,1765031569299,0,1.0,131.84
1,136,136,1765031569350,1765031569350,0,1.0,131.84
2,136,136,1765031569350,1765031569350,0,1.0,131.84
3,136,136,1765031569350,1765031569350,0,1.0,131.84
4,136,136,1765031569350,1765031569350,0,1.0,131.84
1,137,137,1765031569402,1765031569402,0,2.0,131.84
4,137,137,1765031569402,1765031569402,0,2.0,131.84
1,138,138,1765031569453,1765031569453,0,1.0,131.84
2,138,138,1765031569453,1765031569453,0,1.0,131.84
4,138,138,1765031569453,1765031569453,0,1.0,131.84
2,139,139,1765031569504,1765031569504,0,1.0,131.84
3,139,139,1765031569504,1765031569504,0,1.0,131.84
1,139,139,1765031569504,1765031569504,0,1.0,131.84
1,140,140,1765031569555,1765031569555,0,1.0,131.84
4,140,140,1765031569555,1765031569555,0,1.0,131.84
3,140,140,1765031569555,1765031569555,0,1.0,131.84
2,141,141,1765031569607,1765031569607,0,2.0,131.84
4,141,141,1765031569607,1765031569607,0,2.0,131.84
3,141,141,1765031569607,1765031569607,0,2.0,131.84
1,141,141,1765031569607,1765031569607,0,2.0,131.84
1,142,142,1765031569658,1765031569658,0,1.0,131.84
4,142,142,1765031569658,1765031569658,0,1.0,131.84
3,142,142,1765031569658,1765031569658,0,1.0,131.84
1,143,143,1765031569710,1765031569710,0,2.0,131.84
2,143,143,1765031569710,1765031569710,0,2.0,131.84
4,143,143,1765031569710,1765031569710,0,2.0,131.84
1,144,144,1765031569761,1765031569761,0,1.0,131.84
3,144,144,1765031569761,1765031569761,0,1.0,131.84
2,145,145,1765031569812,1765031569812,0,1.0,131.84
3,145,145,1765031569812,1765031569812,0,1.0,131.84
1,145,145,1765031569812,1765031569812,0,1.0,131.84
1,146,146,1765031569863,1765031569863,0,1.0,131.84
2,146,146,1765031569863,1765031569863,0,1.0,131.84
4,146,146,1765031569863,1765031569863,0,1.0,131.84
1,147,147,1765031569914,1765031569914,0,1.0,131.84
3,147,147,1765031569914,1765031569914,0,1.0,131.84
4,147,147,1765031569914,1765031569914,0,1.0,131.84
1,148,148,1765031569965,1765031569965,0,1.0,131.84
2,148,148,1765031569965,1765031569965,0,1.0,131.84
4,148,148,1765031569965,1765031569965,0,1.0,131.84
1,149,149,1765031570015,1765031570015,0,0.0,125.248
2,149,149,1765031570015,1765031570015,0,0.0,125.248
4,149,149,1765031570015,1765031570015,0,0.0,125.248
2,150,150,1765031570068,1765031570068,0,3.0,125.248
1,150,150,1765031570068,1765031570068,0,3.0,125.248
3,150,150,1765031570068,1765031570068,0,3.0,125.248
3,151,151,1765031570118,1765031570118,0,0.0,125.248
4,151,151,1765031570118,1765031570118,0,0.0,125.248
1,151,151,1765031570118,1765031570118,0,0.0,125.248
1,152,152,1765031570169,1765031570169,0,1.0,125.248
3,152,152,1765031570169,1765031570169,0,1.0,125.248
2,152,152,1765031570169,1765031570169,0,1.0,125.248
1,153,153,1765031570220,1765031570220,0,1.0,125.248
4,153,153,1765031570220,1765031570220,0,1.0,125.248
2,154,154,1765031570271,1765031570271,0,1.0,125.248
1,154,154,1765031570271,1765031570271,0,1.0,125.248
4,154,154,1765031570271,1765031570271,0,1.0,125.248
1,155,155,1765031570323,1765031570323,0,2.0,125.248
2,155,155,1765031570323,1765031570323,0,2.0,125.248
3,155,155,1765031570323,1765031570323,0,2.0,125.248
1,156,156,1765031570374,1765031570374,0,1.0,125.248
3,156,156,1765031570374,1765031570374,0,1.0,125.248
2,156,156,1765031570374,1765031570374,0,1.0,125.248
4,156,156,1765031570374,1765031570374,0,1.0,125.248
2,157,157,1765031570425,1765031570425,0,1.0,125.248
4,157,157,1765031570425,1765031570425,0,1.0,125.248
1,157,157,1765031570425,1765031570425,0,1.0,125.248
1,158,158,1765031570476,1765031570476,0,1.0,125.248
2,158,158,1765031570476,1765031570476,0,1.0,125.248
3,158,158,1765031570476,1765031570476,0,1.0,125.248
4,158,158,1765031570476,1765031570476,0,1.0,125.248
1,159,159,1765031570528,1765031570528,0,2.0,125.248
4,159,159,1765031570528,1765031570528,0,2.0,125.248
3,159,159,1765031570528,1765031570528,0,2.0,125.248
2,160,160,1765031570579,1765031570579,0,1.0,125.248
4,160,160,1765031570579,1765031570579,0,1.0,125.248
4,161,161,1765031570631,1765031570631,0,2.0,125.248
2,161,161,1765031570631,1765031570631,0,2.0,125.248
3,161,161,1765031570631,1765031570631,0,2.0,125.248
2,162,162,1765031570682,1765031570682,0,1.0,125.248
4,162,162,1765031570682,1765031570682,0,1.0,125.248
3,162,162,1765031570682,1765031570682,0,1.0,125.248
1,162,162,1765031570682,1765031570682,0,1.0,125.248
2,163,163,1765031570732,1765031570732,0,0.0,125.248
4,163,163,1765031570732,1765031570732,0,0.0,125.248
1,163,163,1765031570732,1765031570732,0,0.0,125.248
2,164,164,1765031570783,1765031570783,0,1.0,125.248
3,164,164,1765031570783,1765031570783,0,1.0,125.248
4,164,164,1765031570783,1765031570783,0,1.0,125.248
1,164,164,1765031570783,1765031570783,0,1.0,125.248
4,165,165,1765031570834,1765031570834,0,1.0,125.248
2,165,165,1765031570834,1765031570834,0,1.0,125.248
1,166,166,1765031570886,1765031570886,0,2.0,125.248
2,166,166,1765031570886,1765031570886,0,2.0,125.248
4,166,166,1765031570886,1765031570886,0,2.0,125.248
2,167,167,1765031570937,1765031570937,0,1.0,125.248
4,167,167,1765031570937,1765031570937,0,1.0,125.248
3,167,167,1765031570937,1765031570937,0,1.0,125.248
1,167,167,1765031570937,1765031570937,0,1.0,125.248
2,168,168,1765031570988,1765031570988,0,1.0,125.248
1,168,168,1765031570988,1765031570988,0,1.0,125.248
3,168,168,1765031570988,1765031570988,0,1.0,125.248
1,169,169,1765031571038,1765031571038,0,0.0,131.84
2,169,169,1765031571038,1765031571038,0,0.0,131.84
4,169,169,1765031571038,1765031571038,0,0.0,131.84
3,169,169,1765031571038,1765031571038,0,0.0,131.84
1,170,170,1765031571092,1765031571092,0,4.0,131.84
2,170,170,1765031571092,1765031571092,0,4.0,131.84
3,170,170,1765031571092,1765031571092,0,4.0,131.84
4,170,170,1765031571092,1765031571092,0,4.0,131.84
1,171,171,1765031571144,1765031571144,0,2.0,131.84
3,171,171,1765031571144,1765031571144,0,2.0,131.84
4,171,171,1765031571144,1765031571144,0,2.0,131.84
2,172,172,1765031571195,1765031571195,0,1.0,131.84
3,172,172,1765031571195,1765031571195,0,1.0,131.84
1,172,172,1765031571195,1765031571195,0,1.0,131.84
2,173,173,1765031571246,1765031571246,0,1.0,131.84
4,173,173,1765031571246,1765031571246,0,1.0,131.84
3,173,173,1765031571246,1765031571246,0,1.0,131.84
1,174,174,1765031571296,1765031571296,0,0.0,131.84
2,174,174,1765031571296,1765031571296,0,0.0,131.84
3,174,174,1765031571296,1765031571296,0,0.0,131.84
2,175,175,1765031571348,1765031571348,0,2.0,131.84
1,175,175,1765031571348,1765031571348,0,2.0,131.84
3,175,175,1765031571348,1765031571348,0,2.0,131.84
1,176,176,1765031571399,1765031571399,0,1.0,131.84
3,176,176,1765031571399,1765031571399,0,1.0,131.84
4,176,176,1765031571399,1765031571399,0,1.0,131.84
2,176,176,1765031571399,1765031571399,0,1.0,131.84
2,177,177,1765031571450,1765031571450,0,1.0,131.84
4,177,177,1765031571450,1765031571450,0,1.0,131.84
1,177,177,1765031571450,1765031571450,0,1.0,131.84
2,178,178,1765031571501,1765031571501,0,1.0,131.84
4,178,178,1765031571501,1765031571501,0,1.0,131.84
1,178,178,1765031571501,1765031571501,0,1.0,131.84
1,179,179,1765031571552,1765031571552,0,1.0,131.84
2,179,179,1765031571552,1765031571552,0,1.0,131.84
3,179,179,1765031571552,1765031571552,0,1.0,131.84
4,179,179,1765031571552,1765031571552,0,1.0,131.84
1,180,180,1765031571604,1765031571604,0,2.0,131.84
4,180,180,1765031571604,1765031571604,0,2.0,131.84
3,180,180,1765031571604,1765031571604,0,2.0,131.84
4,181,181,1765031571655,1765031571655,0,1.0,131.84
1,181,181,1765031571655,1765031571655,0,1.0,131.84
2,181,181,1765031571655,1765031571655,0,1.0,131.84
3,181,181,1765031571655,1765031571655,0,1.0,131.84
1,182,182,1765031571705,1765031571705,0,0.0,131.84
4,182,182,1765031571705,1765031571705,0,0.0,131.84
1,183,183,1765031571757,1765031571757,0,2.0,131.84
2,183,183,1765031571757,1765031571757,0,2.0,131.84
4,183,183,1765031571757,1765031571757,0,2.0,131.84
2,184,184,1765031571808,1765031571808,0,1.0,131.84
3,184,184,1765031571808,1765031571808,0,1.0,131.84
1,184,184,1765031571808,1765031571808,0,1.0,131.84
2,185,185,1765031571860,1765031571860,0,2.0,131.84
3,185,185,1765031571860,1765031571860,0,2.0,131.84
4,185,185,1765031571860,1765031571860,0,2.0,131.84
1,186,186,1765031571911,1765031571911,0,1.0,131.84
2,186,186,1765031571911,1765031571911,0,1.0,131.84
3,186,186,1765031571911,1765031571911,0,1.0,131.84
4,186,186,1765031571911,1765031571911,0,1.0,131.84
3,187,187,1765031571963,1765031571963,0,2.0,131.84
2,187,187,1765031571963,1765031571963,0,2.0,131.84
2,188,188,1765031572015,1765031572015,0,2.0,125.248
1,188,188,1765031572015,1765031572015,0,2.0,125.248
4,188,188,1765031572015,1765031572015,0,2.0,125.248
1,189,189,1765031572065,1765031572065,0,0.0,125.248
2,189,189,1765031572065,1765031572065,0,0.0,125.248
3,189,189,1765031572065,1765031572065,0,0.0,125.248
4,189,189,1765031572065,1765031572065,0,0.0,125.248
4,190,190,1765031572117,1765031572117,0,2.0,125.248
1,190,190,1765031572117,1765031572117,0,2.0,125.248
2,191,191,1765031572167,1765031572167,0,0.0,125.248
3,191,191,1765031572167,1765031572167,0,0.0,125.248
1,192,192,1765031572218,1765031572218,0,1.0,125.248
4,192,192,1765031572218,1765031572218,0,1.0,125.248
3,192,192,1765031572218,1765031572218,0,1.0,125.248
2,192,192,1765031572218,1765031572218,0,1.0,125.248
2,193,193,1765031572270,1765031572270,0,2.0,125.248
3,193,193,1765031572270,1765031572270,0,2.0,125.248
4,193,193,1765031572270,1765031572270,0,2.0,125.248
1,193,193,1765031572270,1765031572270,0,2.0,125.248
2,194,194,1765031572320,1765031572320,0,0.0,125.248
3,194,194,1765031572320,1765031572320,0,0.0,125.248
1,194,194,1765031572320,1765031572320,0,0.0,125.248
2,195,195,1765031572372,1765031572372,0,2.0,125.248
1,195,195,1765031572372,1765031572372,0,2.0,125.248
4,195,195,1765031572372,1765031572372,0,2.0,125.248
3,195,195,1765031572372,1765031572372,0,2.0,125.248
2,196,196,1765031572423,1765031572423,0,1.0,125.248
3,196,196,1765031572423,1765031572423,0,1.0,125.248
2,197,197,1765031572475,1765031572475,0,2.0,125.248
4,197,197,1765031572475,1765031572475,0,2.0,125.248
1,197,197,1765031572475,1765031572475,0,2.0,125.248
1,198,198,1765031572526,1765031572526,0,1.0,125.248
2,198,198,1765031572526,1765031572526,0,1.0,125.248
3,198,198,1765031572526,1765031572526,0,1.0,125.248
4,198,198,1765031572526,1765031572526,0,1.0,125.248
1,199,199,1765031572577,1765031572577,0,1.0,125.248
4,199,199,1765031572577,1765031572577,0,1.0,125.248
3,200,200,1765031572628,1765031572628,0,1.0,125.248
4,200,200,1765031572628,1765031572628,0,1.0,125.248
2,200,200,1765031572628,1765031572628,0,1.0,125.248
3,201,201,1765031572679,1765031572679,0,1.0,125.248
1,201,201,1765031572679,1765031572679,0,1.0,125.248
4,201,201,1765031572679,1765031572679,0,1.0,125.248
1,202,202,1765031572731,1765031572731,0,2.0,125.248
3,202,202,1765031572731,1765031572731,0,2.0,125.248
2,202,202,1765031572731,1765031572731,0,2.0,125.248
3,203,203,1765031572782,1765031572782,0,1.0,125.248
1,203,203,1765031572782,1765031572782,0,1.0,125.248
2,203,203,1765031572782,1765031572782,0,1.0,125.248
1,204,204,1765031572834,1765031572834,0,2.0,125.248
4,204,204,1765031572834,1765031572834,0,2.0,125.248
3,204,204,1765031572834,1765031572834,0,2.0,125.248
4,205,205,1765031572885,1765031572885,0,1.0,125.248
2,205,205,1765031572885,1765031572885,0,1.0,125.248
1,205,205,1765031572885,1765031572885,0,1.0,125.248
1,206,206,1765031572936,1765031572936,0,1.0,125.248
2,206,206,1765031572936,1765031572936,0,1.0,125.248
4,206,206,1765031572936,1765031572936,0,1.0,125.248
3,206,206,1765031572936,1765031572936,0,1.0,125.248
3,207,207,1765031572986,1765031572986,0,0.0,125.248
1,207,207,1765031572986,1765031572986,0,0.0,125.248
2,207,207,1765031572986,1765031572986,0,0.0,125.248
4,207,207,1765031572986,1765031572986,0,0.0,125.248
3,208,208,1765031573038,1765031573038,0,2.0,131.84
1,208,208,1765031573038,1765031573038,0,2.0,131.84
2,208,208,1765031573038,1765031573038,0,2.0,131.84
4,208,208,1765031573038,1765031573038,0,2.0,131.84
1,209,209,1765031573089,1765031573089,0,1.0,131.84
4,209,209,1765031573089,1765031573089,0,1.0,131.84
2,209,209,1765031573089,1765031573089,0,1.0,131.84
3,210,210,1765031573140,1765031573140,0,1.0,131.84
1,210,210,1765031573140,1765031573140,0,1.0,131.84
2,210,210,1765031573140,1765031573140,0,1.0,131.84
4,210,210,1765031573140,1765031573140,0,1.0,131.84
3,211,211,1765031573192,1765031573192,0,2.0,131.84
1,211,211,1765031573192,1765031573192,0,2.0,131.84
4,211,211,1765031573192,1765031573192,0,2.0,131.84
3,212,212,1765031573244,1765031573244,0,2.0,131.84
1,212,212,1765031573244,1765031573244,0,2.0,131.84
4,212,212,1765031573244,1765031573244,0,2.0,131.84
1,213,213,1765031573295,1765031573295,0,1.0,131.84
3,213,213,1765031573295,1765031573295,0,1.0,131.84
2,213,213,1765031573295,1765031573295,0,1.0,131.84
1,214,214,1765031573346,1765031573346,0,1.0,131.84
3,214,214,1765031573346,1765031573346,0,1.0,131.84
2,214,214,1765031573346,1765031573346,0,1.0,131.84
3,215,215,1765031573398,1765031573398,0,2.0,131.84
1,215,215,1765031573398,1765031573398,0,2.0,131.84
4,215,215,1765031573398,1765031573398,0,2.0,131.84
2,215,215,1765031573398,1765031573398,0,2.0,131.84
4,216,216,1765031573450,1765031573450,0,2.0,131.84
2,216,216,1765031573450,1765031573450,0,2.0,131.84
1,216,216,1765031573450,1765031573450,0,2.0,131.84
3,216,216,1765031573450,1765031573450,0,2.0,131.84
2,217,217,1765031573500,1765031573500,0,0.0,131.84
4,217,217,1765031573500,1765031573500,0,0.0,131.84
3,218,218,1765031573551,1765031573551,0,1.0,131.84
4,218,218,1765031573551,1765031573551,0,1.0,131.84
1,218,218,1765031573551,1765031573551,0,1.0,131.84
1,219,219,1765031573602,1765031573602,0,1.0,131.84
4,219,219,1765031573602,1765031573602,0,1.0,131.84
3,219,219,1765031573602,1765031573602,0,1.0,131.84
2,219,219,1765031573602,1765031573602,0,1.0,131.84
3,220,220,1765031573653,1765031573653,0,1.0,131.84
1,220,220,1765031573653,1765031573653,0,1.0,131.84
2,220,220,1765031573653,1765031573653,0,1.0,131.84
4,220,220,1765031573653,1765031573653,0,1.0,131.84
1,221,221,1765031573705,1765031573705,0,2.0,131.84
3,221,221,1765031573705,1765031573705,0,2.0,131.84
2,221,221,1765031573705,1765031573705,0,2.0,131.84
3,222,222,1765031573755,1765031573755,0,0.0,131.84
1,222,222,1765031573755,1765031573755,0,0.0,131.84
4,222,222,1765031573755,1765031573755,0,0.0,131.84
1,223,223,1765031573807,1765031573807,0,2.0,131.84
3,223,223,1765031573807,1765031573807,0,2.0,131.84
2,223,223,1765031573807,1765031573807,0,2.0,131.84
1,224,224,1765031573859,1765031573859,0,2.0,131.84
3,224,224,1765031573859,1765031573859,0,2.0,131.84
2,224,224,1765031573859,1765031573859,0,2.0,131.84
1,225,225,1765031573911,1765031573911,0,2.0,131.84
3,225,225,1765031573911,1765031573911,0,2.0,131.84
2,225,225,1765031573911,1765031573911,0,2.0,131.84
3,226,226,1765031573962,1765031573962,0,1.0,131.84
1,226,226,1765031573962,1765031573962,0,1.0,131.84
2,226,226,1765031573962,1765031573962,0,1.0,131.84
4,226,226,1765031573962,1765031573962,0,1.0,131.84
1,227,227,1765031574013,1765031574013,0,1.0,125.248
3,227,227,1765031574013,1765031574013,0,1.0,125.248
4,227,227,1765031574013,1765031574013,0,1.0,125.248
3,228,228,1765031574065,1765031574065,0,2.0,125.248
1,228,228,1765031574065,1765031574065,0,2.0,125.248
2,228,228,1765031574065,1765031574065,0,2.0,125.248
4,228,228,1765031574065,1765031574065,0,2.0,125.248
1,229,229,1765031574117,1765031574117,0,2.0,125.248
3,229,229,1765031574117,1765031574118,1,3.0,125.248
4,229,229,1765031574117,1765031574118,1,3.0,125.248
1,230,230,1765031574170,1765031574170,0,3.0,125.248
4,230,230,1765031574170,1765031574170,0,2.0,125.248
3,230,230,1765031574170,1765031574170,0,2.0,125.248
3,231,231,1765031574221,1765031574221,0,1.0,125.248
1,231,231,1765031574221,1765031574221,0,1.0,125.248
3,232,232,1765031574273,1765031574273,0,2.0,125.248
1,232,232,1765031574273,1765031574273,0,2.0,125.248
4,232,232,1765031574273,1765031574273,0,2.0,125.248
2,232,232,1765031574273,1765031574273,0,2.0,125.248
1,233,233,1765031574324,1765031574324,0,1.0,125.248
3,233,233,1765031574324,1765031574324,0,1.0,125.248
4,233,233,1765031574324,1765031574324,0,1.0,125.248
1,234,234,1765031574375,1765031574375,0,1.0,125.248
3,234,234,1765031574375,1765031574375,0,1.0,125.248
2,234,234,1765031574375,1765031574375,0,1.0,125.248
4,235,235,1765031574428,1765031574428,0,3.0,125.248
3,235,235,1765031574428,1765031574428,0,3.0,125.248
1,235,235,1765031574428,1765031574428,0,3.0,125.248
2,235,235,1765031574428,1765031574428,0,3.0,125.248
1,236,236,1765031574478,1765031574478,0,0.0,125.248
4,236,236,1765031574478,1765031574478,0,0.0,125.248
3,236,236,1765031574478,1765031574478,0,0.0,125.248
3,237,237,1765031574529,1765031574529,0,1.0,125.248
2,237,237,1765031574529,1765031574529,0,1.0,125.248
3,238,238,1765031574580,1765031574580,0,1.0,125.248
1,238,238,1765031574580,1765031574580,0,1.0,125.248
2,238,238,1765031574580,1765031574580,0,1.0,125.248
4,238,238,1765031574580,1765031574580,0,1.0,125.248
1,239,239,1765031574631,1765031574631,0,1.0,125.248
3,239,239,1765031574631,1765031574631,0,1.0,125.248
4,239,239,1765031574631,1765031574631,0,1.0,125.248
3,240,240,1765031574681,1765031574681,0,0.0,125.248
1,240,240,1765031574681,1765031574681,0,0.0,125.248
2,240,240,1765031574681,1765031574681,0,0.0,125.248
4,240,240,1765031574681,1765031574681,0,0.0,125.248
3,241,241,1765031574733,1765031574733,0,2.0,125.248
2,241,241,1765031574733,1765031574733,0,2.0,125.248
4,241,241,1765031574733,1765031574733,0,2.0,125.248
3,242,242,1765031574784,1765031574784,0,1.0,125.248
4,242,242,1765031574784,1765031574784,0,1.0,125.248
2,242,242,1765031574784,1765031574784,0,1.0,125.248
1,242,242,1765031574784,1765031574784,0,1.0,125.248
3,243,243,1765031574835,1765031574835,0,1.0,125.248
4,243,243,1765031574835,1765031574835,0,1.0,125.248
2,243,243,1765031574835,1765031574835,0,1.0,125.248
3,244,244,1765031574886,1765031574886,0,1.0,125.248
1,244,244,1765031574886,1765031574886,0,1.0,125.248
2,244,244,1765031574886,1765031574886,0,1.0,125.248
3,245,245,1765031574938,1765031574938,0,2.0,125.248
1,245,245,1765031574938,1765031574938,0,2.0,125.248
4,245,245,1765031574938,1765031574938,0,2.0,125.248
2,245,245,1765031574938,1765031574938,0,2.0,125.248
1,246,246,1765031574989,1765031574989,0,1.0,125.248
3,246,246,1765031574989,1765031574989,0,1.0,125.248
2,246,246,1765031574989,1765031574989,0,1.0,125.248
3,247,247,1765031575040,1765031575040,0,1.0,131.84
1,247,247,1765031575040,1765031575040,0,1.0,131.84
4,247,247,1765031575040,1765031575040,0,1.0,131.84
1,248,248,1765031575092,1765031575092,0,2.0,131.84
2,248,248,1765031575092,1765031575092,0,2.0,131.84
4,248,248,1765031575092,1765031575092,0,2.0,131.84
1,249,249,1765031575143,1765031575143,0,1.0,131.84
2,249,249,1765031575143,1765031575143,0,1.0,131.84
4,249,249,1765031575143,1765031575143,0,1.0,131.84
3,249,249,1765031575143,1765031575143,0,1.0,131.84
1,250,250,1765031575194,1765031575194,0,1.0,131.84
3,250,250,1765031575194,1765031575194,0,1.0,131.84
2,250,250,1765031575194,1765031575194,0,1.0,131.84
3,251,251,1765031575245,1765031575245,0,1.0,131.84
1,251,251,1765031575245,1765031575245,0,1.0,131.84
4,251,251,1765031575245,1765031575245,0,1.0,131.84
2,251,251,1765031575245,1765031575245,0,1.0,131.84
1,252,252,1765031575297,1765031575297,0,2.0,131.84
3,252,252,1765031575297,1765031575297,0,2.0,131.84
4,252,252,1765031575297,1765031575297,0,2.0,131.84
2,252,252,1765031575297,1765031575297,0,2.0,131.84
2,253,253,1765031575349,1765031575349,0,2.0,131.84
3,253,253,1765031575349,1765031575349,0,2.0,131.84
3,254,254,1765031575399,1765031575399,0,0.0,131.84
4,254,254,1765031575399,1765031575399,0,0.0,131.84
2,254,254,1765031575399,1765031575399,0,0.0,131.84
1,255,255,1765031575450,1765031575450,0,1.0,131.84
3,255,255,1765031575450,1765031575450,0,1.0,131.84
4,255,255,1765031575450,1765031575450,0,1.0,131.84
2,255,255,1765031575450,1765031575450,0,1.0,131.84
1,256,256,1765031575501,1765031575501,0,1.0,131.84
4,256,256,1765031575501,1765031575501,0,1.0,131.84
3,256,256,1765031575501,1765031575501,0,1.0,131.84
4,257,257,1765031575552,1765031575552,0,1.0,131.84
3,257,257,1765031575552,1765031575552,0,1.0,131.84
2,257,257,1765031575552,1765031575552,0,1.0,131.84
4,258,258,1765031575603,1765031575603,0,1.0,131.84
1,258,258,1765031575603,1765031575603,0,1.0,131.84
3,258,258,1765031575603,1765031575603,0,1.0,131.84
3,259,259,1765031575653,1765031575653,0,0.0,131.84
2,259,259,1765031575653,1765031575653,0,0.0,131.84
1,260,260,1765031575705,1765031575705,0,2.0,131.84
2,260,260,1765031575705,1765031575705,0,2.0,131.84
4,260,260,1765031575705,1765031575705,0,2.0,131.84
1,261,261,1765031575756,1765031575756,0,1.0,131.84
3,261,261,1765031575756,1765031575756,0,1.0,131.84
2,261,261,1765031575756,1765031575756,0,1.0,131.84
4,261,261,1765031575756,1765031575756,0,1.0,131.84
1,262,262,1765031575807,1765031575807,0,1.0,131.84
4,262,262,1765031575807,1765031575807,0,1.0,131.84
3,262,262,1765031575807,1765031575807,0,1.0,131.84
1,263,263,1765031575859,1765031575859,0,2.0,131.84
2,263,263,1765031575859,1765031575859,0,2.0,131.84
4,263,263,1765031575859,1765031575859,0,2.0,131.84
3,263,263,1765031575859,1765031575859,0,2.0,131.84
2,264,264,1765031575910,1765031575910,0,1.0,131.84
4,264,264,1765031575910,1765031575910,0,1.0,131.84
1,265,265,1765031575961,1765031575961,0,1.0,131.84
4,265,265,1765031575961,1765031575961,0,1.0,131.84
2,265,265,1765031575961,1765031575961,0,1.0,131.84
2,266,266,1765031576012,1765031576012,0,1.0,125.248
1,266,266,1765031576012,1765031576012,0,1.0,125.248
4,266,266,1765031576012,1765031576012,0,1.0,125.248
3,266,266,1765031576012,1765031576012,0,1.0,125.248
2,267,267,1765031576065,1765031576065,0,3.0,125.248
1,267,267,1765031576065,1765031576065,0,3.0,125.248
3,267,267,1765031576065,1765031576065,0,3.0,125.248
2,268,268,1765031576116,1765031576116,0,1.0,125.248
4,268,268,1765031576116,1765031576116,0,1.0,125.248
1,268,268,1765031576116,1765031576116,0,1.0,125.248
1,269,269,1765031576167,1765031576167,0,1.0,125.248
2,269,269,1765031576167,1765031576167,0,1.0,125.248
4,269,269,1765031576167,1765031576167,0,1.0,125.248
3,269,269,1765031576167,1765031576167,0,1.0,125.248
1,270,270,1765031576218,1765031576218,0,1.0,125.248
2,270,270,1765031576218,1765031576218,0,1.0,125.248
3,270,270,1765031576218,1765031576218,0,1.0,125.248
2,271,271,1765031576270,1765031576270,0,2.0,125.248
1,271,271,1765031576270,1765031576270,0,2.0,125.248
3,271,271,1765031576270,1765031576270,0,2.0,125.248
1,272,272,1765031576321,1765031576321,0,1.0,125.248
2,272,272,1765031576321,1765031576321,0,1.0,125.248
3,272,272,1765031576321,1765031576321,0,1.0,125.248
2,273,273,1765031576372,1765031576372,0,1.0,125.248
3,273,273,1765031576372,1765031576372,0,1.0,125.248
1,274,274,1765031576424,1765031576424,0,2.0,125.248
2,274,274,1765031576424,1765031576424,0,2.0,125.248
3,274,274,1765031576424,1765031576424,0,2.0,125.248
1,275,275,1765031576476,1765031576476,0,2.0,125.248
2,275,275,1765031576476,1765031576476,0,2.0,125.248
3,275,275,1765031576476,1765031576476,0,2.0,125.248
2,276,276,1765031576526,1765031576526,0,0.0,125.248
1,276,276,1765031576526,1765031576526,0,0.0,125.248
4,276,276,1765031576526,1765031576526,0,0.0,125.248
2,277,277,1765031576578,1765031576578,0,2.0,125.248
1,277,277,1765031576578,1765031576578,0,2.0,125.248
4,277,277,1765031576578,1765031576578,0,2.0,125.248
3,277,277,1765031576578,1765031576578,0,2.0,125.248
2,278,278,1765031576629,1765031576629,0,1.0,125.248
4,278,278,1765031576629,1765031576629,0,1.0,125.248
4,279,279,1765031576681,1765031576681,0,2.0,125.248
3,279,279,1765031576681,1765031576681,0,2.0,125.248
1,280,280,1765031576733,1765031576733,0,2.0,125.248
3,280,280,1765031576733,1765031576733,0,2.0,125.248
2,280,280,1765031576733,1765031576733,0,2.0,125.248
2,281,281,1765031576784,1765031576784,0,1.0,125.248
3,281,281,1765031576784,1765031576784,0,1.0,125.248
4,281,281,1765031576784,1765031576784,0,1.0,125.248
2,282,282,1765031576835,1765031576835,0,1.0,125.248
3,282,282,1765031576835,1765031576835,0,1.0,125.248
4,282,282,1765031576835,1765031576835,0,1.0,125.248
1,283,283,1765031576887,1765031576887,0,2.0,125.248
2,283,283,1765031576887,1765031576887,0,2.0,125.248
3,283,283,1765031576887,1765031576887,0,2.0,125.248
4,283,283,1765031576887,1765031576887,0,2.0,125.248
2,284,284,1765031576939,1765031576939,0,2.0,125.248
3,284,284,1765031576939,1765031576939,0,2.0,125.248
1,285,285,1765031576991,1765031576991,0,2.0,125.248
3,285,285,1765031576991,1765031576991,0,2.0,125.248
4,285,285,1765031576991,1765031576991,0,2.0,125.248
2,286,286,1765031577042,1765031577042,0,1.0,131.84
1,286,286,1765031577042,1765031577042,0,1.0,131.84
3,286,286,1765031577042,1765031577042,0,1.0,131.84
4,286,286,1765031577042,1765031577042,0,1.0,131.84
2,287,287,1765031577094,1765031577094,0,2.0,131.84
1,287,287,1765031577094,1765031577094,0,2.0,131.84
3,287,287,1765031577094,1765031577094,0,2.0,131.84
2,288,288,1765031577145,1765031577145,0,1.0,131.84
1,288,288,1765031577145,1765031577145,0,1.0,131.84
4,288,288,1765031577145,1765031577145,0,1.0,131.84
3,288,288,1765031577145,1765031577145,0,1.0,131.84
1,289,289,1765031577196,1765031577196,0,1.0,131.84
4,289,289,1765031577196,1765031577196,0,1.0,131.84
3,289,289,1765031577196,1765031577196,0,1.0,131.84
1,290,290,1765031577246,1765031577246,0,0.0,131.84
2,290,290,1765031577246,1765031577246,0,0.0,131.84
4,290,290,1765031577246,1765031577246,0,0.0,131.84
3,291,291,1765031577297,1765031577297,0,1.0,131.84
1,291,291,1765031577297,1765031577297,0,1.0,131.84
4,291,291,1765031577297,1765031577297,0,1.0,131.84
2,291,291,1765031577297,1765031577297,0,1.0,131.84
1,292,292,1765031577349,1765031577349,0,2.0,131.84
3,292,292,1765031577349,1765031577349,0,2.0,131.84
2,292,292,1765031577349,1765031577349,0,2.0,131.84
2,293,293,1765031577400,1765031577400,0,1.0,131.84
3,293,293,1765031577400,1765031577400,0,1.0,131.84
4,293,293,1765031577400,1765031577400,0,1.0,131.84
2,294,294,1765031577452,1765031577452,0,2.0,131.84
1,294,294,1765031577452,1765031577452,0,2.0,131.84
3,294,294,1765031577452,1765031577452,0,2.0,131.84
2,295,295,1765031577503,1765031577503,0,1.0,131.84
1,295,295,1765031577503,1765031577503,0,1.0,131.84
3,295,295,1765031577503,1765031577503,0,1.0,131.84
4,295,295,1765031577503,1765031577503,0,1.0,131.84
1,296,296,1765031577554,1765031577554,0,1.0,131.84
3,296,296,1765031577554,1765031577554,0,1.0,131.84
2,296,296,1765031577554,1765031577554,0,1.0,131.84
2,297,297,1765031577605,1765031577605,0,1.0,131.84
4,297,297,1765031577605,1765031577605,0,1.0,131.84
3,297,297,1765031577605,1765031577605,0,1.0,131.84
1,297,297,1765031577605,1765031577605,0,1.0,131.84
2,298,298,1765031577657,1765031577657,0,2.0,131.84
1,298,298,1765031577657,1765031577657,0,2.0,131.84
4,298,298,1765031577657,1765031577657,0,2.0,131.84
4,299,299,1765031577709,1765031577709,0,2.0,131.84
2,299,299,1765031577709,1765031577709,0,2.0,131.84
2,300,300,1765031577759,1765031577759,0,0.0,131.84
3,300,300,1765031577759,1765031577759,0,0.0,131.84
2,301,301,1765031577811,1765031577811,0,2.0,131.84
1,301,301,1765031577811,1765031577811,0,2.0,131.84
3,301,301,1765031577811,1765031577811,0,2.0,131.84
4,301,301,1765031577811,1765031577811,0,2.0,131.84
2,302,302,1765031577863,1765031577863,0,2.0,131.84
3,302,302,1765031577863,1765031577863,0,2.0,131.84
1,303,303,1765031577914,1765031577914,0,1.0,131.84
4,303,303,1765031577914,1765031577914,0,1.0,131.84
3,303,303,1765031577914,1765031577914,0,1.0,131.84
2,303,303,1765031577914,1765031577914,0,1.0,131.84
1,304,304,1765031577965,1765031577965,0,1.0,131.84
2,304,304,1765031577965,1765031577965,0,1.0,131.84
3,304,304,1765031577965,1765031577965,0,1.0,131.84
4,304,304,1765031577965,1765031577965,0,1.0,131.84
4,305,305,1765031578017,1765031578017,0,2.0,125.248
2,305,305,1765031578017,1765031578017,0,2.0,125.248
1,306,306,1765031578068,1765031578068,0,1.0,125.248
2,306,306,1765031578068,1765031578068,0,1.0,125.248
4,306,306,1765031578068,1765031578068,0,1.0,125.248
3,306,306,1765031578068,1765031578068,0,1.0,125.248
2,307,307,1765031578120,1765031578120,0,2.0,125.248
1,307,307,1765031578120,1765031578120,0,2.0,125.248
3,307,307,1765031578120,1765031578120,0,2.0,125.248
4,307,307,1765031578120,1765031578120,0,2.0,125.248
2,308,308,1765031578172,1765031578172,0,2.0,125.248
3,308,308,1765031578172,1765031578172,0,2.0,125.248
4,308,308,1765031578172,1765031578172,0,2.0,125.248
1,309,309,1765031578224,1765031578224,0,2.0,125.248
3,309,309,1765031578224,1765031578224,0,2.0,125.248
2,309,309,1765031578224,1765031578224,0,2.0,125.248
2,310,310,1765031578275,1765031578275,0,1.0,125.248
4,310,310,1765031578275,1765031578275,0,1.0,125.248
3,310,310,1765031578275,1765031578275,0,1.0,125.248
1,310,310,1765031578275,1765031578275,0,1.0,125.248
2,311,311,1765031578327,1765031578327,0,2.0,125.248
1,311,311,1765031578327,1765031578327,0,2.0,125.248
3,311,311,1765031578327,1765031578327,0,2.0,125.248
1,312,312,1765031578379,1765031578379,0,2.0,125.248
2,312,312,1765031578379,1765031578379,0,2.0,125.248
4,312,312,1765031578379,1765031578379,0,2.0,125.248
2,313,313,1765031578431,1765031578431,0,2.0,125.248
3,313,313,1765031578431,1765031578431,0,2.0,125.248
4,313,313,1765031578431,1765031578431,0,2.0,125.248
2,314,314,1765031578483,1765031578483,0,2.0,125.248
3,314,314,1765031578483,1765031578483,0,2.0,125.248
2,315,315,1765031578534,1765031578534,0,1.0,125.248
4,315,315,1765031578534,1765031578534,0,1.0,125.248
1,316,316,1765031578585,1765031578585,0,1.0,125.248
2,316,316,1765031578585,1765031578585,0,1.0,125.248
3,316,316,1765031578585,1765031578585,0,1.0,125.248
4,317,317,1765031578637,1765031578637,0,2.0,125.248
3,317,317,1765031578637,1765031578637,0,2.0,125.248
2,317,317,1765031578637,1765031578637,0,2.0,125.248
1,317,317,1765031578637,1765031578637,0,2.0,125.248
1,318,318,1765031578688,1765031578688,0,1.0,125.248
3,318,318,1765031578688,1765031578688,0,1.0,125.248
2,319,319,1765031578738,1765031578738,0,0.0,125.248
3,319,319,1765031578738,1765031578738,0,0.0,125.248
2,320,320,1765031578789,1765031578789,0,1.0,125.248
1,320,320,1765031578789,1765031578789,0,1.0,125.248
4,320,320,1765031578789,1765031578789,0,1.0,125.248
3,320,320,1765031578789,1765031578789,0,1.0,125.248
2,321,321,1765031578841,1765031578841,0,2.0,125.248
1,321,321,1765031578841,1765031578841,0,2.0,125.248
4,321,321,1765031578841,1765031578841,0,2.0,125.248
3,321,321,1765031578841,1765031578841,0,2.0,125.248
2,322,322,1765031578892,1765031578892,0,1.0,125.248
3,322,322,1765031578892,1765031578892,0,1.0,125.248
2,323,323,1765031578944,1765031578944,0,2.0,125.248
4,323,323,1765031578944,1765031578944,0,2.0,125.248
1,323,323,1765031578944,1765031578944,0,2.0,125.248
2,324,324,1765031578996,1765031578996,0,2.0,125.248
1,324,324,1765031578996,1765031578996,0,2.0,125.248
4,324,324,1765031578996,1765031578996,0,2.0,125.248
2,325,325,1765031579047,1765031579047,0,1.0,131.84
1,325,325,1765031579047,1765031579047,0,1.0,131.84
3,325,325,1765031579047,1765031579047,0,1.0,131.84
2,326,326,1765031579100,1765031579100,0,3.0,131.84
1,326,326,1765031579100,1765031579100,0,3.0,131.84
3,326,326,1765031579100,1765031579100,0,3.0,131.84
4,326,326,1765031579100,1765031579100,0,3.0,131.84
2,327,327,1765031579151,1765031579151,0,1.0,131.84
3,327,327,1765031579151,1765031579151,0,1.0,131.84
4,327,327,1765031579151,1765031579151,0,1.0,131.84
1,328,328,1765031579203,1765031579203,0,2.0,131.84
4,328,328,1765031579203,1765031579203,0,2.0,131.84
2,329,329,1765031579255,1765031579255,0,2.0,131.84
4,329,329,1765031579255,1765031579255,0,2.0,131.84
2,330,330,1765031579306,1765031579306,0,1.0,131.84
1,330,330,1765031579306,1765031579306,0,1.0,131.84
3,330,330,1765031579306,1765031579306,0,1.0,131.84
4,330,330,1765031579306,1765031579306,0,1.0,131.84
